year,average_tas_c
1998,-20.191196351892785
1999,-8.663308850456664
2000,-6.208762449376692
2001,-9.589522043863902
2002,-8.39939286475086
2003,-7.479539370069287
2004,-6.395107284246682
2005,-5.873065783930731
2006,-6.073424185958544
2007,-5.0184131697112235
2008,-6.644126398423114
2009,-9.67993961409024
2010,-8.01461910173002
2011,-6.747831636316614
2012,-5.7500676472981525
2013,-3.6730867273667087
